employee_id,first_name,last_name,gender,birth_date,hire_date,country,city,post_code
2000,Paris,Brennan,Male,1974-09-04,2017-04-10,UK,London,654469
2001,Adriel,Berry,Female,2000-11-15,2017-08-07,UK,Glasgow,673150
2002,Sanaa,Garza,Female,1983-05-03,2017-10-07,UK,Glasgow,690130
2003,Charlie,Peters,Male,1971-12-19,2017-10-12,UK,Cardiff,687894
2004,Harper,Warren,Male,1983-11-05,2018-01-12,UK,London,674239
2005,Khalil,Allen,Male,1988-07-19,2018-03-12,UK,Cardiff,656740
2006,Matilda,Hines,Female,1977-11-24,2018-03-14,UK,Cardiff,672348
2007,Joanne,Atkinson,Female,1986-08-16,2018-04-03,UK,London,685548
2008,Dianna,Hayes,Female,1977-11-11,2018-05-07,UK,Cardiff,646527
2009,Kramer,Zuniga,Male,1991-08-07,2018-06-16,UK,Glasgow,637570
2010,Maliki,Shields,Male,1994-10-17,2018-08-25,UK,Cardiff,668900
2011,Nader,Mays,Male,1993-01-16,2018-09-15,UK,Cardiff,623031
2012,Quinn,Bailey,Male,1999-03-16,2018-10-03,UK,London,624487
2013,Marilyn,Fleming,Female,1986-04-03,2018-10-15,UK,Glasgow,694497
2014,Jennifer,Hudson,Female,1977-11-02,2018-10-16,UK,London,637125
2015,Anna,Lane,Female,1997-06-24,2019-04-01,UK,Cardiff,678015
2016,George,Wallace,Male,1976-07-08,2019-04-24,UK,Cardiff,689682
2017,Angela,Gaines,Female,1990-09-21,2019-04-24,UK,Cardiff,636934
2018,Constance,Jimenez,Female,1982-11-25,2019-05-01,UK,Glasgow,635183
2019,Ross,Figueroa,Male,1971-06-09,2019-05-15,UK,London,627331
2020,Augustus,Wells,Male,1973-12-16,2019-06-10,UK,London,668760
2021,Gracelyn,Deleon,Female,1989-12-05,2019-06-24,UK,Cardiff,625080
2022,Orlando,Church,Female,1972-07-25,2019-07-10,UK,Cardiff,616518
2023,Edward,Ruiz,Female,1981-05-01,2019-07-16,UK,Cardiff,632877
2024,Quinn,Bray,Male,1983-12-07,2019-07-18,UK,Glasgow,644013
2025,Dominik,Gates,Male,1990-11-08,2019-08-12,UK,Cardiff,675971
2026,Adil,Rollins,Male,1993-06-24,2019-08-19,UK,Cardiff,624432
2027,Barbara,Haley,Female,1995-06-06,2019-10-01,UK,Cardiff,693428
2028,Carla,Lloyd,Female,1988-04-01,2019-11-04,UK,Glasgow,658512
2029,Francesco A,York,Male,1998-12-12,2019-11-18,UK,London,690396
2030,Colleen,Carey,Female,1977-04-05,2019-12-04,UK,Cardiff,674346
2031,Jean,Tate,Male,1986-04-17,2019-12-10,UK,Cardiff,681571
2032,Neveah,Schultz,Male,1983-12-03,2019-12-17,UK,Glasgow,692974
2033,Tia,Briggs,Male,1999-04-03,2020-01-12,UK,Cardiff,663760
2034,Alexandra,Levy,Male,1981-07-14,2020-04-06,UK,Glasgow,678160
2035,Tony,Davis,Male,1989-04-24,2020-07-05,UK,Cardiff,624262
2036,Macy,Beard,Male,1989-02-08,2020-08-11,UK,London,622986
2037,Toby,Potter,Female,1975-09-02,2020-10-10,UK,London,677909
2038,Karlee,Boyer,Male,1999-02-03,2021-01-01,UK,London,619633
2039,Hector,Simpson,Male,1983-03-01,2021-03-11,UK,Cardiff,620786
2040,Javon,Cameron,Male,1991-01-04,2021-04-03,UK,Glasgow,624714
2041,Lilly,West,Male,1987-09-12,2021-04-21,UK,Glasgow,625483
2042,Anika,Palmer,Male,1990-03-05,2021-05-12,UK,Cardiff,623430
2043,Ishaan,Heath,Male,1987-07-10,2021-07-24,UK,London,621574
2044,Lorelei,Horne,Male,1981-02-10,2021-08-08,UK,London,631944
2045,Gillian,Mata,Male,1993-10-08,2021-08-14,UK,Cardiff,644966
2046,Atticus,Griffin,Male,1987-10-12,2021-09-16,UK,Cardiff,669274
2047,Caden,Carpenter,Female,1982-08-16,2021-10-19,UK,London,692230
2048,Brooks,Sweeney,Female,1972-04-09,2022-02-01,UK,London,692373
2049,Isabel,Taylor,Male,1995-09-11,2022-06-01,UK,Cardiff,684159
2050,Joselyn,Horne,Male,1995-03-03,2022-07-10,UK,London,623857
2051,Diamond,Snyder,Male,1976-09-16,2022-08-12,UK,Glasgow,689255
2052,Eden,Collins,Male,1991-04-01,2022-08-24,UK,Cardiff,636017
2053,Emely,Walker,Male,1999-10-19,2022-09-12,UK,Glasgow,632956
2054,Corinne,Novak,Female,1974-03-06,2022-11-04,UK,London,656172
2055,Destiny,Riggs,Female,1996-01-24,2022-12-05,UK,Glasgow,621040
2056,Zaria,Barrera,Male,1981-05-10,2022-12-13,UK,Glasgow,630921
2057,Adam,Berg,Male,1998-02-21,2023-02-11,UK,London,644301
2058,Makenna,Scott,Male,1998-08-12,2023-06-23,UK,London,658452
2059,Devon,Leon,Male,1978-01-07,2023-07-02,UK,Glasgow,637054
2060,Lucy,Yoder,Female,1997-10-22,2023-09-04,UK,Cardiff,623507
